id;points;file_path;file_type_icon_path;date_created;date_updated
1;75254;Tasty;Baht Car plug-and-play;2021-02-25T04:50:20;2021-02-25T00:22:58
2;38570;Shirt;strategy Strategist;2021-02-25T04:42:11;2021-02-25T04:05:44
3;90587;Ergonomic Wooden Salad Specialist;Cambridgeshire;2021-02-25T18:29:50;2021-02-25T04:45:00
4;26614;Niue;Designer plum;2021-02-25T10:10:13;2021-02-25T10:59:08
5;70606;Extended firewall;Fiji Road Personal Loan Account;2021-02-25T02:46:20;2021-02-24T21:15:22
6;39964;payment Integration Club;Row;2021-02-25T11:04:19;2021-02-25T17:38:49
7;24651;salmon;Customer-focused;2021-02-25T09:32:12;2021-02-24T22:26:38
8;27905;Product;Technician quantifying;2021-02-25T00:15:30;2021-02-25T15:01:34
9;42449;Manors;Generic Licensed;2021-02-25T18:51:37;2021-02-24T20:29:03
10;84110;hack;Web RAM;2021-02-25T07:40:57;2021-02-25T01:57:39
