id;title;description;material_file_path;file_type_icon_path;date_created;date_updated
1;South Carolina generate explicit;Music PCI parse;open-source product;firmware;2021-02-25T00:00:54;2021-02-25T17:26:26
2;Savings Account web-readiness Table;Granite;leverage Regional parsing;Concrete;2021-02-25T19:22:11;2021-02-24T23:00:30
3;SQL;Curve solution-oriented;Credit Card Account Diverse monitor;Industrial firmware Ball;2021-02-25T10:26:40;2021-02-24T21:24:41
4;Unbranded back-end;fuchsia;Brook extend Synchronised;Fork intranet Cayman Islands Dollar;2021-02-25T17:03:54;2021-02-25T00:54:42
5;Ergonomic Steel Mouse monitor Rustic;bluetooth withdrawal Rhode Island;Rubber Brazilian Real GB;intranet e-business Personal Loan Account;2021-02-25T07:33:34;2021-02-25T03:05:35
6;SAS;Fantastic Sports;grow hack task-force;synthesize Practical Granite Shirt;2021-02-25T14:24:22;2021-02-25T10:47:19
7;task-force interactive mission-critical;deposit Berkshire dot-com;Alaska;Decentralized Shirt;2021-02-25T17:23:06;2021-02-25T04:36:39
8;invoice Electronics;back up Corners;Fresh evolve;Massachusetts;2021-02-25T06:45:11;2021-02-25T13:08:56
9;wireless;Chile digital violet;Plastic COM payment;input;2021-02-24T22:48:31;2021-02-25T05:02:59
10;Bedfordshire mint green Villages;payment;Bacon Consultant Accounts;intermediate task-force primary;2021-02-25T15:25:17;2021-02-24T21:55:58
